{
    "Ten": "Internet Tivi LED SONY 48 Inch",
    "Ma_so": "TIVI_14",
    "Ky_hieu": "KDL_48W650D",
    "Don_gia_Ban": 9480000,
    "Don_gia_Nhap": 8480000,
    "So_luong_Ton": 80,
    "Danh_sach_Phieu_Ban": [
        {
            "Ngay": "04-01-2018",
            "So_luong": 2,
            "Don_gia": 9480000,
            "Tien": 18960000,
            "Nhan_vien": {
                "Ho_ten": "Tô thị bé Bé",
                "Ma_so": "NV_2"
            }
        }
    ],
    "Danh_sach_Phieu_Nhap": [],
    "Nhom_Tivi": {
        "Ten": "Sony",
        "Ma_so": "SONY"
    }
}