{
	"Ten": "Internet Tivi LED SONY 32 Inch",
	"Ma_so": "TIVI_13",
	"Ky_hieu": "KDL_32W600D",
	"Don_gia_Ban": 11290000,
	"Don_gia_Nhap": 9590000,
	"So_luong_Ton": 10,
	"Danh_sach_Phieu_Ban": [
		{
			"Ngay": "28-12-2017",
			"So_luong": 2,
			"Don_gia": 11290000,
			"Tien": 22580000,
			"Nhan_vien": {
				"Ho_ten": "Tô thị bé Bé",
				"Ma_so": "NV_2"
			}
		},
		{
			"Ngay": "08-04-2018",
			"So_luong": 1,
			"Don_gia": 11290000,
			"Tien": 11290000,
			"Nhan_vien": {
				"Ho_ten": "Tô thị bé Bé",
				"Ma_so": "NV_2"
			}
		}
	],
	"Danh_sach_Phieu_Nhap": [],
	"Nhom_Tivi": {
		"Ten": "Sony",
		"Ma_so": "SONY"
	},
	"Danh_sach_Phieu_Dat": [
		{
			"Ngay_Dat_hang": "12/1/2018",
			"Ngay_Giao_hang": "6/3/2005",
			"So_luong": 7,
			"Don_gia_Ban": 11290000,
			"Tien": 79030000,
			"Trang_thai": "CHUA_GIAO_HANG",
			"Khach_hang": {
				"Ho_ten": "Delectus eveniet ex nostrud et nobis proident omnis nulla duis in aliqua",
				"Dien_thoai": "Eos id aliqua Eiusmod consequuntur ut et",
				"Email": "tybu@mailinator.com",
				"Dia_chi": "Obcaecati voluptatibus consequat Irure elit tempore repellendus Consequuntur est beatae vero eu"
			},
			"So_Phieu_Dat": 1
		}
	]
}