{
    "Ten": "Smart Tivi LG 43 inch",
    "Ma_so": "TIVI_5",
    "Ky_hieu": "43LJ553T",
    "Don_gia_Ban": 9900000,
    "Don_gia_Nhap": 7900000,
    "So_luong_Ton": 80,
    "Danh_sach_Phieu_Ban": [
        {
            "Ngay": "04-01-2018",
            "So_luong": 1,
            "Don_gia": 9900000,
            "Tien": 9900000,
            "Nhan_vien": {
                "Ho_ten": "Tô thị bé Bé",
                "Ma_so": "NV_2"
            }
        },
        {
            "Ngay": "04-01-2018",
            "So_luong": 1,
            "Don_gia": 9900000,
            "Tien": 9900000,
            "Nhan_vien": {
                "Ho_ten": "Tô thị bé Bé",
                "Ma_so": "NV_2"
            }
        }
    ],
    "Danh_sach_Phieu_Nhap": [],
    "Nhom_Tivi": {
        "Ten": "LG",
        "Ma_so": "LG"
    }
}