{
    "Ten": "Smart Tivi LG 4K 49 inch",
    "Ma_so": "TIVI_7",
    "Ky_hieu": "49UJ633T",
    "Don_gia_Ban": 17400000,
    "Don_gia_Nhap": 5640000,
    "So_luong_Ton": 10,
    "Danh_sach_Phieu_Ban": [
        {
            "Ngay": "02-01-2018",
            "So_luong": 1,
            "Don_gia": 17400000,
            "Tien": 17400000,
            "Nhan_vien": {
                "Ho_ten": "Tô thị bé Bé",
                "Ma_so": "NV_2"
            }
        }
    ],
    "Danh_sach_Phieu_Nhap": [],
    "Nhom_Tivi": {
        "Ten": "LG",
        "Ma_so": "LG"
    }
}