{
	"Ten": "Internet Tivi Sony 40 inch",
	"Ma_so": "TIVI_10",
	"Ky_hieu": "KDL-40W650D",
	"Don_gia_Ban": 9990000,
	"Don_gia_Nhap": 7990000,
	"So_luong_Ton": 72,
	"Danh_sach_Phieu_Ban": [
		{
			"Ngay": "28-12-2017",
			"So_luong": 2,
			"Don_gia": 9990000,
			"Tien": 19980000,
			"Nhan_vien": {
				"Ho_ten": "Tô thị bé Bé",
				"Ma_so": "NV_2"
			}
		},
		{
			"Ngay": "28-12-2017",
			"So_luong": 1,
			"Don_gia": 9990000,
			"Tien": 9990000,
			"Nhan_vien": {
				"Ho_ten": "Tô thị bé Bé",
				"Ma_so": "NV_2"
			}
		},
		{
			"Ngay": "28-12-2017",
			"So_luong": 4,
			"Don_gia": 9990000,
			"Tien": 39960000,
			"Nhan_vien": {
				"Ho_ten": "Tô thị bé Bé",
				"Ma_so": "NV_2"
			}
		},
		{
			"Ngay": "02-01-2018",
			"So_luong": 1,
			"Don_gia": 9990000,
			"Tien": 9990000,
			"Nhan_vien": {
				"Ho_ten": "Tô thị bé Bé",
				"Ma_so": "NV_2"
			}
		},
		{
			"Ngay": "04-01-2018",
			"So_luong": 2,
			"Don_gia": 9990000,
			"Tien": 19980000,
			"Nhan_vien": {
				"Ho_ten": "Tô thị bé Bé",
				"Ma_so": "NV_2"
			}
		},
		{
			"Ngay": "08-01-2018",
			"So_luong": 2,
			"Don_gia": 9990000,
			"Tien": 19980000,
			"Nhan_vien": {
				"Ho_ten": "Tô thị bé Bé",
				"Ma_so": "NV_2"
			}
		},
		{
			"Ngay": "04-04-2018",
			"So_luong": 2,
			"Don_gia": 9990000,
			"Tien": 19980000,
			"Nhan_vien": {
				"Ho_ten": "Tô thị bé Bé",
				"Ma_so": "NV_2"
			}
		},
		{
			"Ngay": "08-04-2018",
			"So_luong": 1,
			"Don_gia": 9990000,
			"Tien": 9990000,
			"Nhan_vien": {
				"Ho_ten": "Tô thị bé Bé",
				"Ma_so": "NV_2"
			}
		},
		{
			"Ngay": "07-05-2018",
			"So_luong": 2,
			"Don_gia": 9990000,
			"Tien": 19980000,
			"Nhan_vien": {
				"Ho_ten": "Tô thị bé Bé",
				"Ma_so": "NV_2"
			}
		}
	],
	"Danh_sach_Phieu_Nhap": [
		{
			"Ngay": "04-01-2018",
			"So_luong": 2,
			"Don_gia": 7990000,
			"Tien": 15980000,
			"Nhan_vien": {
				"Ho_ten": "Nguyên văn bé Xíu",
				"Ma_so": "NV_3"
			}
		}
	],
	"Nhom_Tivi": {
		"Ten": "Sony",
		"Ma_so": "SONY"
	},
	"Danh_sach_Phieu_Dat": [
		{
			"Ngay_Dat_hang": "31/12/2018",
			"Ngay_Giao_hang": "Invalid Date",
			"So_luong": 1,
			"Don_gia_Ban": 9990000,
			"Tien": 9990000,
			"Trang_thai": "CHUA_GIAO_HANG",
			"Khach_hang": {
				"Ho_ten": "",
				"Dien_thoai": "",
				"Email": "",
				"Dia_chi": ""
			},
			"So_Phieu_Dat": 1
		},
		{
			"Ngay_Dat_hang": "31/12/2018",
			"Ngay_Giao_hang": "12/12/2018",
			"So_luong": 1,
			"Don_gia_Ban": 9990000,
			"Tien": 9990000,
			"Trang_thai": "CHUA_GIAO_HANG",
			"Khach_hang": {
				"Ho_ten": "sasd",
				"Dien_thoai": "3233",
				"Email": "ngoch@gmai.com",
				"Dia_chi": "aefefwf"
			},
			"So_Phieu_Dat": 2
		},
		{
			"Ngay_Dat_hang": "31/12/2018",
			"Ngay_Giao_hang": "Invalid Date",
			"So_luong": 1,
			"Don_gia_Ban": 9990000,
			"Tien": 9990000,
			"Trang_thai": "CHUA_GIAO_HANG",
			"Khach_hang": {
				"Ho_ten": "",
				"Dien_thoai": "",
				"Email": "",
				"Dia_chi": ""
			},
			"So_Phieu_Dat": 3
		},
		{
			"Ngay_Dat_hang": "31/12/2018",
			"Ngay_Giao_hang": "Invalid Date",
			"So_luong": 1,
			"Don_gia_Ban": 9990000,
			"Tien": 9990000,
			"Trang_thai": "CHUA_GIAO_HANG",
			"Khach_hang": {
				"Ho_ten": "",
				"Dien_thoai": "",
				"Email": "",
				"Dia_chi": ""
			},
			"So_Phieu_Dat": 4
		},
		{
			"Ngay_Dat_hang": "31/12/2018",
			"Ngay_Giao_hang": "6/12/2018",
			"So_luong": 1,
			"Don_gia_Ban": 9990000,
			"Tien": 9990000,
			"Trang_thai": "CHUA_GIAO_HANG",
			"Khach_hang": {
				"Ho_ten": "sss",
				"Dien_thoai": "32",
				"Email": "sf",
				"Dia_chi": "fs"
			},
			"So_Phieu_Dat": 5
		},
		{
			"Ngay_Dat_hang": "31/12/2018",
			"Ngay_Giao_hang": "26/12/2018",
			"So_luong": 1,
			"Don_gia_Ban": 9990000,
			"Tien": 9990000,
			"Trang_thai": "CHUA_GIAO_HANG",
			"Khach_hang": {
				"Ho_ten": "asc",
				"Dien_thoai": "qr34",
				"Email": "ngzsdv@gmail.com",
				"Dia_chi": "sc"
			},
			"So_Phieu_Dat": 6
		},
		{
			"Ngay_Dat_hang": "31/12/2018",
			"Ngay_Giao_hang": "19/12/2018",
			"So_luong": 1,
			"Don_gia_Ban": 9990000,
			"Tien": 9990000,
			"Trang_thai": "CHUA_GIAO_HANG",
			"Khach_hang": {
				"Ho_ten": "aFsfas",
				"Dien_thoai": "399572",
				"Email": "ng@gmail.com",
				"Dia_chi": "sfbbf"
			},
			"So_Phieu_Dat": 7
		},
		{
			"Ngay_Dat_hang": "31/12/2018",
			"Ngay_Giao_hang": "Invalid Date",
			"So_luong": 1,
			"Don_gia_Ban": 9990000,
			"Tien": 9990000,
			"Trang_thai": "CHUA_GIAO_HANG",
			"Khach_hang": {
				"Ho_ten": "",
				"Dien_thoai": "",
				"Email": "",
				"Dia_chi": ""
			},
			"So_Phieu_Dat": 8
		},
		{
			"Ngay_Dat_hang": "31/12/2018",
			"Ngay_Giao_hang": "7/12/2018",
			"So_luong": 1,
			"Don_gia_Ban": 9990000,
			"Tien": 9990000,
			"Trang_thai": "CHUA_GIAO_HANG",
			"Khach_hang": {
				"Ho_ten": "as",
				"Dien_thoai": "23",
				"Email": "âf",
				"Dia_chi": "gsd"
			},
			"So_Phieu_Dat": 9
		},
		{
			"Ngay_Dat_hang": "31/12/2018",
			"Ngay_Giao_hang": "Invalid Date",
			"So_luong": 1,
			"Don_gia_Ban": 9990000,
			"Tien": 9990000,
			"Trang_thai": "CHUA_GIAO_HANG",
			"Khach_hang": {
				"Ho_ten": "",
				"Dien_thoai": "",
				"Email": "",
				"Dia_chi": ""
			},
			"So_Phieu_Dat": 10
		},
		{
			"Ngay_Dat_hang": "31/12/2018",
			"Ngay_Giao_hang": "12/12/2018",
			"So_luong": 1,
			"Don_gia_Ban": 9990000,
			"Tien": 9990000,
			"Trang_thai": "CHUA_GIAO_HANG",
			"Khach_hang": {
				"Ho_ten": "sf",
				"Dien_thoai": "34663",
				"Email": "srgd",
				"Dia_chi": "afasf"
			},
			"So_Phieu_Dat": 11
		},
		{
			"Ngay_Dat_hang": "31/12/2018",
			"Ngay_Giao_hang": "Invalid Date",
			"So_luong": 1,
			"Don_gia_Ban": 9990000,
			"Tien": 9990000,
			"Trang_thai": "CHUA_GIAO_HANG",
			"Khach_hang": {
				"Ho_ten": "",
				"Dien_thoai": "",
				"Email": "",
				"Dia_chi": ""
			},
			"So_Phieu_Dat": 12
		},
		{
			"Ngay_Dat_hang": "31/12/2018",
			"Ngay_Giao_hang": "Invalid Date",
			"So_luong": 1,
			"Don_gia_Ban": 9990000,
			"Tien": 9990000,
			"Trang_thai": "CHUA_GIAO_HANG",
			"Khach_hang": {
				"Ho_ten": "",
				"Dien_thoai": "",
				"Email": "",
				"Dia_chi": ""
			},
			"So_Phieu_Dat": 13
		},
		{
			"Ngay_Dat_hang": "31/12/2018",
			"Ngay_Giao_hang": "30/11/2018",
			"So_luong": 1,
			"Don_gia_Ban": 9990000,
			"Tien": 9990000,
			"Trang_thai": "CHUA_GIAO_HANG",
			"Khach_hang": {
				"Ho_ten": "asa",
				"Dien_thoai": "4w",
				"Email": "sdg",
				"Dia_chi": "5"
			},
			"So_Phieu_Dat": 14
		},
		{
			"Ngay_Dat_hang": "31/12/2018",
			"Ngay_Giao_hang": "Invalid Date",
			"So_luong": 1,
			"Don_gia_Ban": 9990000,
			"Tien": 9990000,
			"Trang_thai": "CHUA_GIAO_HANG",
			"Khach_hang": {
				"Ho_ten": "",
				"Dien_thoai": "",
				"Email": "",
				"Dia_chi": ""
			},
			"So_Phieu_Dat": 15
		},
		{
			"Ngay_Dat_hang": "31/12/2018",
			"Ngay_Giao_hang": "13/12/2018",
			"So_luong": 1,
			"Don_gia_Ban": 9990000,
			"Tien": 9990000,
			"Trang_thai": "CHUA_GIAO_HANG",
			"Khach_hang": {
				"Ho_ten": "à",
				"Dien_thoai": "4et4wt",
				"Email": "á",
				"Dia_chi": "zvd"
			},
			"So_Phieu_Dat": 16
		},
		{
			"Ngay_Dat_hang": "31/12/2018",
			"Ngay_Giao_hang": "Invalid Date",
			"So_luong": 1,
			"Don_gia_Ban": 9990000,
			"Tien": 9990000,
			"Trang_thai": "CHUA_GIAO_HANG",
			"Khach_hang": {
				"Ho_ten": "",
				"Dien_thoai": "",
				"Email": "",
				"Dia_chi": ""
			},
			"So_Phieu_Dat": 17
		},
		{
			"Ngay_Dat_hang": "31/12/2018",
			"Ngay_Giao_hang": "Invalid Date",
			"So_luong": 1,
			"Don_gia_Ban": 9990000,
			"Tien": 9990000,
			"Trang_thai": "CHUA_GIAO_HANG",
			"Khach_hang": {
				"Ho_ten": "",
				"Dien_thoai": "",
				"Email": "",
				"Dia_chi": ""
			},
			"So_Phieu_Dat": 18
		},
		{
			"Ngay_Dat_hang": "31/12/2018",
			"Ngay_Giao_hang": "Invalid Date",
			"So_luong": 1,
			"Don_gia_Ban": 9990000,
			"Tien": 9990000,
			"Trang_thai": "CHUA_GIAO_HANG",
			"Khach_hang": {
				"Ho_ten": "",
				"Dien_thoai": "",
				"Email": "",
				"Dia_chi": ""
			},
			"So_Phieu_Dat": 19
		},
		{
			"Ngay_Dat_hang": "31/12/2018",
			"Ngay_Giao_hang": "Invalid Date",
			"So_luong": 2,
			"Don_gia_Ban": 9990000,
			"Tien": 19980000,
			"Trang_thai": "CHUA_GIAO_HANG",
			"Khach_hang": {
				"Ho_ten": "",
				"Dien_thoai": "",
				"Email": "",
				"Dia_chi": ""
			},
			"So_Phieu_Dat": 20
		},
		{
			"Ngay_Dat_hang": "31/12/2018",
			"Ngay_Giao_hang": "Invalid Date",
			"So_luong": 1,
			"Don_gia_Ban": 9990000,
			"Tien": 9990000,
			"Trang_thai": "CHUA_GIAO_HANG",
			"Khach_hang": {
				"Ho_ten": "",
				"Dien_thoai": "",
				"Email": "",
				"Dia_chi": ""
			},
			"So_Phieu_Dat": 21
		},
		{
			"Ngay_Dat_hang": "31/12/2018",
			"Ngay_Giao_hang": "Invalid Date",
			"So_luong": 1,
			"Don_gia_Ban": 9990000,
			"Tien": 9990000,
			"Trang_thai": "CHUA_GIAO_HANG",
			"Khach_hang": {
				"Ho_ten": "",
				"Dien_thoai": "",
				"Email": "",
				"Dia_chi": ""
			},
			"So_Phieu_Dat": 22
		},
		{
			"Ngay_Dat_hang": "31/12/2018",
			"So_luong": 1,
			"Don_gia_Ban": 9990000,
			"Tien": 9990000,
			"Trang_thai": "CHUA_GIAO_HANG",
			"Khach_hang": {
				"Ho_ten": "Minus odit perspiciatis vitae alias magnam labore autem quam impedit",
				"Dien_thoai": "48",
				"Email": "tavexyrynu@mailinator.net",
				"Dia_chi": "Et velit quam error amet laudantium sed ut sint inventore quam ipsum nulla veniam provident aut assumenda possimus"
			},
			"So_Phieu_Dat": 23
		},
		{
			"Ngay_Dat_hang": "31/12/2018",
			"So_luong": 330,
			"Don_gia_Ban": 9990000,
			"Tien": 3296700000,
			"Trang_thai": "CHUA_GIAO_HANG",
			"Khach_hang": {
				"Ho_ten": "Et vel rerum illum nulla eum tempor impedit qui minima est aliqua Aut adipisci aut",
				"Dien_thoai": "97",
				"Email": "guxap@mailinator.net",
				"Dia_chi": "Est rerum vel molestiae nisi eiusmod tempor doloribus qui tempor in aliquam in dolorum distinctio Mollitia incididunt est corrupti"
			},
			"So_Phieu_Dat": 24
		}
	]
}