{
	"Ten": "Smart Tivi Cong Samsung 49 inch",
	"Ma_so": "TIVI_1",
	"Ky_hieu": "UA49MU6500",
	"Don_gia_Ban": 29900000,
	"Don_gia_Nhap": 18100000,
	"So_luong_Ton": 81,
	"Danh_sach_Phieu_Ban": [],
	"Danh_sach_Phieu_Nhap": [
		{
			"Ngay": "02-01-2018",
			"So_luong": 2,
			"Don_gia": 18000000,
			"Tien": 36000000,
			"Nhan_vien": {
				"Ho_ten": "Nguyễn thị bé Nhỏ",
				"Ma_so": "NV_1"
			}
		}
	],
	"Nhom_Tivi": {
		"Ten": "Samsung",
		"Ma_so": "SAMSUNG"
	},
	"Danh_sach_Phieu_Dat": [
		{
			"Ngay_Dat_hang": "31/12/2018",
			"Ngay_Giao_hang": "Invalid Date",
			"So_luong": 1,
			"Don_gia_Ban": 29900000,
			"Tien": 29900000,
			"Trang_thai": "CHUA_GIAO_HANG",
			"Khach_hang": {
				"Ho_ten": "",
				"Dien_thoai": "",
				"Email": "",
				"Dia_chi": ""
			},
			"So_Phieu_Dat": 1
		},
		{
			"Ngay_Dat_hang": "31/12/2018",
			"Ngay_Giao_hang": "Invalid Date",
			"So_luong": 5,
			"Don_gia_Ban": 29900000,
			"Tien": 149500000,
			"Trang_thai": "CHUA_GIAO_HANG",
			"Khach_hang": {
				"Ho_ten": "",
				"Dien_thoai": "",
				"Email": "",
				"Dia_chi": ""
			},
			"So_Phieu_Dat": 2
		},
		{
			"Ngay_Dat_hang": "31/12/2018",
			"So_luong": 13,
			"Don_gia_Ban": 29900000,
			"Tien": 388700000,
			"Trang_thai": "CHUA_GIAO_HANG",
			"Khach_hang": {
				"Ho_ten": "Sed dolores doloremque minim amet voluptate quia proident cillum eu debitis provident voluptate suscipit minus reiciendis",
				"Dien_thoai": "39",
				"Email": "cewym@mailinator.com",
				"Dia_chi": "Consequatur Provident doloremque consequatur Ut ullam obcaecati sit dolor ullam in est quo"
			},
			"So_Phieu_Dat": 3
		},
		{
			"Ngay_Dat_hang": "31/12/2018",
			"So_luong": 1,
			"Don_gia_Ban": 29900000,
			"Tien": 29900000,
			"Trang_thai": "CHUA_GIAO_HANG",
			"Khach_hang": {
				"Ho_ten": "",
				"Dien_thoai": "",
				"Email": "",
				"Dia_chi": ""
			},
			"So_Phieu_Dat": 4
		},
		{
			"Ngay_Dat_hang": "31/12/2018",
			"So_luong": 3,
			"Don_gia_Ban": 29900000,
			"Tien": 89700000,
			"Trang_thai": "CHUA_GIAO_HANG",
			"Khach_hang": {
				"Ho_ten": "Asperiores porro eum eveniet error sit molestias expedita delectus deserunt ratione ea asperiores ipsum",
				"Dien_thoai": "21",
				"Email": "dytite@mailinator.net",
				"Dia_chi": "Aspernatur minima et eos nobis in dolorum est dolorem tempora amet nisi mollitia sed autem"
			},
			"So_Phieu_Dat": 5
		},
		{
			"Ngay_Dat_hang": "31/12/2018",
			"So_luong": 2,
			"Don_gia_Ban": 29900000,
			"Tien": 59800000,
			"Trang_thai": "CHUA_GIAO_HANG",
			"Khach_hang": {
				"Ho_ten": "Ea ad velit quo quam ut officia eos quibusdam nulla quasi aut aliqua Magni et modi commodo",
				"Dien_thoai": "23",
				"Email": "gogyq@mailinator.net",
				"Dia_chi": "Ea ut deserunt voluptatem ipsum enim laboris anim illo adipisicing ab voluptatem ut maiores"
			},
			"So_Phieu_Dat": 6
		},
		{
			"Ngay_Dat_hang": "31/12/2018",
			"So_luong": 38,
			"Don_gia_Ban": 29900000,
			"Tien": 1136200000,
			"Trang_thai": "CHUA_GIAO_HANG",
			"Khach_hang": {
				"Ho_ten": "Aut consequatur Sunt autem cumque Nam consequat Et porro dolore exercitation iusto explicabo Eum",
				"Dien_thoai": "38",
				"Email": "tesutoqoke@mailinator.net",
				"Dia_chi": "Laborum tenetur qui in sunt voluptate consectetur"
			},
			"So_Phieu_Dat": 7
		},
		{
			"Ngay_Dat_hang": "31/12/2018",
			"So_luong": 887,
			"Don_gia_Ban": 29900000,
			"Tien": 26521300000,
			"Trang_thai": "CHUA_GIAO_HANG",
			"Khach_hang": {
				"Ho_ten": "Eum dolor vel quas quia qui",
				"Dien_thoai": "34",
				"Email": "tajupiq@mailinator.com",
				"Dia_chi": "Labore natus aut sunt id fuga Quia sed commodi"
			},
			"So_Phieu_Dat": 8
		},
		{
			"Ngay_Dat_hang": "31/12/2018",
			"So_luong": 826,
			"Don_gia_Ban": 29900000,
			"Tien": 24697400000,
			"Trang_thai": "CHUA_GIAO_HANG",
			"Khach_hang": {
				"Ho_ten": "Ipsam dolor aut obcaecati error blanditiis qui ut",
				"Dien_thoai": "53",
				"Email": "labolovamy@mailinator.net",
				"Dia_chi": "Laborum vero deserunt omnis blanditiis laboriosam aliquam pariatur Ratione doloribus placeat odit ullamco ducimus mollit eaque vel"
			},
			"So_Phieu_Dat": 9
		},
		{
			"Ngay_Dat_hang": "31/12/2018",
			"So_luong": 64,
			"Don_gia_Ban": 29900000,
			"Tien": 1913600000,
			"Trang_thai": "CHUA_GIAO_HANG",
			"Khach_hang": {
				"Ho_ten": "Nisi in nostrum quas adipisci est sed labore unde eu consequat Reprehenderit illo dolore repellendus Fugiat tenetur rerum quam",
				"Dien_thoai": "81",
				"Email": "suron@mailinator.com",
				"Dia_chi": "Quo ex dolore asperiores dolor et est consequatur Architecto animi quibusdam velit exercitationem ea"
			},
			"So_Phieu_Dat": 10
		}
	]
}