{
	"Ten": "Smart Tivi Samsung 40 inch",
	"Ma_so": "TIVI_11",
	"Ky_hieu": "UA40K5300",
	"Don_gia_Ban": 8640000,
	"Don_gia_Nhap": 7540000,
	"So_luong_Ton": 62,
	"Danh_sach_Phieu_Ban": [],
	"Danh_sach_Phieu_Nhap": [],
	"Nhom_Tivi": {
		"Ten": "Samsung",
		"Ma_so": "SAMSUNG"
	},
	"Danh_sach_Phieu_Dat": [
		{
			"Ngay_Dat_hang": "31/12/2018",
			"Ngay_Giao_hang": "Invalid Date",
			"So_luong": 1,
			"Don_gia_Ban": 8640000,
			"Tien": 8640000,
			"Trang_thai": "CHUA_GIAO_HANG",
			"Khach_hang": {
				"Ho_ten": "",
				"Dien_thoai": "",
				"Email": "",
				"Dia_chi": ""
			},
			"So_Phieu_Dat": 1
		},
		{
			"Ngay_Dat_hang": "31/12/2018",
			"Ngay_Giao_hang": "7/12/2018",
			"So_luong": 2,
			"Don_gia_Ban": 8640000,
			"Tien": 17280000,
			"Trang_thai": "CHUA_GIAO_HANG",
			"Khach_hang": {
				"Ho_ten": "as",
				"Dien_thoai": "23",
				"Email": "âf",
				"Dia_chi": "gsd"
			},
			"So_Phieu_Dat": 2
		},
		{
			"Ngay_Dat_hang": "31/12/2018",
			"Ngay_Giao_hang": "Invalid Date",
			"So_luong": 1,
			"Don_gia_Ban": 8640000,
			"Tien": 8640000,
			"Trang_thai": "CHUA_GIAO_HANG",
			"Khach_hang": {
				"Ho_ten": "",
				"Dien_thoai": "",
				"Email": "",
				"Dia_chi": ""
			},
			"So_Phieu_Dat": 3
		},
		{
			"Ngay_Dat_hang": "31/12/2018",
			"Ngay_Giao_hang": "12/12/2018",
			"So_luong": 1,
			"Don_gia_Ban": 8640000,
			"Tien": 8640000,
			"Trang_thai": "CHUA_GIAO_HANG",
			"Khach_hang": {
				"Ho_ten": "sf",
				"Dien_thoai": "34663",
				"Email": "srgd",
				"Dia_chi": "afasf"
			},
			"So_Phieu_Dat": 4
		},
		{
			"Ngay_Dat_hang": "31/12/2018",
			"Ngay_Giao_hang": "Invalid Date",
			"So_luong": 1,
			"Don_gia_Ban": 8640000,
			"Tien": 8640000,
			"Trang_thai": "CHUA_GIAO_HANG",
			"Khach_hang": {
				"Ho_ten": "",
				"Dien_thoai": "",
				"Email": "",
				"Dia_chi": ""
			},
			"So_Phieu_Dat": 5
		},
		{
			"Ngay_Dat_hang": "31/12/2018",
			"Ngay_Giao_hang": "Invalid Date",
			"So_luong": 1,
			"Don_gia_Ban": 8640000,
			"Tien": 8640000,
			"Trang_thai": "CHUA_GIAO_HANG",
			"Khach_hang": {
				"Ho_ten": "",
				"Dien_thoai": "",
				"Email": "",
				"Dia_chi": ""
			},
			"So_Phieu_Dat": 6
		},
		{
			"Ngay_Dat_hang": "31/12/2018",
			"Ngay_Giao_hang": "30/11/2018",
			"So_luong": 1,
			"Don_gia_Ban": 8640000,
			"Tien": 8640000,
			"Trang_thai": "CHUA_GIAO_HANG",
			"Khach_hang": {
				"Ho_ten": "asa",
				"Dien_thoai": "4w",
				"Email": "sdg",
				"Dia_chi": "5"
			},
			"So_Phieu_Dat": 7
		},
		{
			"Ngay_Dat_hang": "31/12/2018",
			"Ngay_Giao_hang": "Invalid Date",
			"So_luong": 1,
			"Don_gia_Ban": 8640000,
			"Tien": 8640000,
			"Trang_thai": "CHUA_GIAO_HANG",
			"Khach_hang": {
				"Ho_ten": "",
				"Dien_thoai": "",
				"Email": "",
				"Dia_chi": ""
			},
			"So_Phieu_Dat": 8
		},
		{
			"Ngay_Dat_hang": "31/12/2018",
			"Ngay_Giao_hang": "13/12/2018",
			"So_luong": 1,
			"Don_gia_Ban": 8640000,
			"Tien": 8640000,
			"Trang_thai": "CHUA_GIAO_HANG",
			"Khach_hang": {
				"Ho_ten": "à",
				"Dien_thoai": "4et4wt",
				"Email": "á",
				"Dia_chi": "zvd"
			},
			"So_Phieu_Dat": 9
		},
		{
			"Ngay_Dat_hang": "31/12/2018",
			"Ngay_Giao_hang": "Invalid Date",
			"So_luong": 1,
			"Don_gia_Ban": 8640000,
			"Tien": 8640000,
			"Trang_thai": "CHUA_GIAO_HANG",
			"Khach_hang": {
				"Ho_ten": "",
				"Dien_thoai": "",
				"Email": "",
				"Dia_chi": ""
			},
			"So_Phieu_Dat": 10
		},
		{
			"Ngay_Dat_hang": "31/12/2018",
			"Ngay_Giao_hang": "Invalid Date",
			"So_luong": 1,
			"Don_gia_Ban": 8640000,
			"Tien": 8640000,
			"Trang_thai": "CHUA_GIAO_HANG",
			"Khach_hang": {
				"Ho_ten": "",
				"Dien_thoai": "",
				"Email": "",
				"Dia_chi": ""
			},
			"So_Phieu_Dat": 11
		},
		{
			"Ngay_Dat_hang": "31/12/2018",
			"Ngay_Giao_hang": "Invalid Date",
			"So_luong": 1,
			"Don_gia_Ban": 8640000,
			"Tien": 8640000,
			"Trang_thai": "CHUA_GIAO_HANG",
			"Khach_hang": {
				"Ho_ten": "",
				"Dien_thoai": "",
				"Email": "",
				"Dia_chi": ""
			},
			"So_Phieu_Dat": 12
		}
	]
}